Date,Content
2022-06-07,https://boxd.it/2Ug4HP
2022-06-07,https://boxd.it/DWdGr
2022-06-07,https://boxd.it/b0jE9
2022-06-07,https://boxd.it/xIQUF
2022-06-07,https://boxd.it/VXtJP
2022-06-07,https://boxd.it/Heu8J
2022-06-07,https://boxd.it/2UiW47
2022-06-10,https://boxd.it/2UPdeH
2022-06-10,https://boxd.it/2ULJNr
2022-06-17,https://boxd.it/2VTdUl
2022-06-27,https://boxd.it/2XJvNF
2022-08-11,https://boxd.it/37oz3T
2022-08-11,https://boxd.it/2XQH6x
2022-08-28,https://boxd.it/3aMjjr
2022-08-28,https://boxd.it/3afkBP
2022-08-28,https://boxd.it/26rt0D
2022-08-28,https://boxd.it/3aNpct
2022-10-17,https://boxd.it/3a5siV
2022-10-17,https://boxd.it/1nAPwp
2022-11-10,https://boxd.it/3oxdDB
2022-12-09,https://boxd.it/2HFD05
2023-03-20,https://boxd.it/1WkIMD
2023-03-26,https://boxd.it/1O4cwp
2023-03-26,https://boxd.it/41QORz
2023-04-10,https://boxd.it/45EXcx
2023-04-29,https://boxd.it/4aYuQX
2023-05-20,https://boxd.it/23SPJ3
2023-05-20,https://boxd.it/3Ua4Zl
2023-05-20,https://boxd.it/71GuR
2023-05-20,https://boxd.it/vCSml
2023-05-20,https://boxd.it/jEKfx
2023-06-04,https://boxd.it/4jXf5L
2023-06-04,https://boxd.it/4k4btj
2023-06-04,https://boxd.it/4kp4Dj
2023-06-04,https://boxd.it/4kp6Jt
2023-06-04,https://boxd.it/4kp7wF
2023-06-04,https://boxd.it/4kp8R5
2023-06-04,https://boxd.it/4kpcSr
2023-06-04,https://boxd.it/4kph4V
2023-06-05,https://boxd.it/4kpxpF
2023-06-05,https://boxd.it/Go9iT
2023-06-05,https://boxd.it/1OypvJ
2023-06-05,https://boxd.it/4kQncv
2023-06-05,https://boxd.it/4kppM7
2023-06-07,https://boxd.it/4locqT
2023-06-08,https://boxd.it/4kPsHL
2023-06-08,https://boxd.it/O3DqN
2023-06-08,https://boxd.it/O2BLd
2023-06-08,https://boxd.it/XztYv
2023-06-08,https://boxd.it/WUGWl
2023-06-10,https://boxd.it/4m8bBj
2023-06-10,https://boxd.it/tdo3F
2023-06-10,https://boxd.it/gwDSf
2023-06-10,https://boxd.it/lXWMJ
2023-06-10,https://boxd.it/FIxIn
2023-06-10,https://boxd.it/13pQfR
2023-06-10,https://boxd.it/4m8NJF
2023-06-10,https://boxd.it/4m9ZDB
2023-06-10,https://boxd.it/ov67Z
2023-06-12,https://boxd.it/NBBjJ
2023-06-12,https://boxd.it/4mLVMF
2023-06-14,https://boxd.it/4i8YhV
2023-06-14,https://boxd.it/dcWhP
2023-06-14,https://boxd.it/vfTB1
2023-06-14,https://boxd.it/saEhD
2023-06-14,https://boxd.it/YiUKl
2023-06-14,https://boxd.it/cNkPJ
2023-06-14,https://boxd.it/oFuZ7
2023-06-14,https://boxd.it/4nfF19
2023-06-16,https://boxd.it/4nLFJ5
2023-06-22,https://boxd.it/oXQIN
2023-06-22,https://boxd.it/4HjNN
2023-06-22,https://boxd.it/1lmehr
2023-06-22,https://boxd.it/4psbxN
2023-06-23,https://boxd.it/4pkZpN
2023-06-23,https://boxd.it/4puimr
2023-06-23,https://boxd.it/4oJi9j
2023-06-23,https://boxd.it/2fNIT
2023-06-23,https://boxd.it/1bXd3H
2023-06-23,https://boxd.it/4pLIwr
2023-06-23,https://boxd.it/4pLN1N
2023-06-23,https://boxd.it/4pM0W3
2023-06-24,https://boxd.it/454vBd
2023-06-24,https://boxd.it/47WgkR
2023-06-24,https://boxd.it/4q2LZb
2023-06-25,https://boxd.it/4q4SAL
2023-06-25,https://boxd.it/4qajy3
2023-06-25,https://boxd.it/4pUEWX
2023-06-25,https://boxd.it/6xYvt
2023-06-25,https://boxd.it/X8X2d
2023-06-25,https://boxd.it/NppXX
2023-06-25,https://boxd.it/2xm86j
2023-06-25,https://boxd.it/4qn0JR
2023-06-26,https://boxd.it/4qsrGZ
2023-06-26,https://boxd.it/4qoYWt
2023-06-27,https://boxd.it/4qU7s5
2023-06-27,https://boxd.it/1mqO7z
2023-06-27,https://boxd.it/3hX31r
2023-06-27,https://boxd.it/o3kAl
2023-06-27,https://boxd.it/10wcUn
2023-06-27,https://boxd.it/dubMd
2023-06-27,https://boxd.it/vyxyn
2023-06-27,https://boxd.it/gooIN
2023-06-27,https://boxd.it/2BQL43
2023-06-27,https://boxd.it/1KNWOD
2023-06-27,https://boxd.it/4qJlTH
2023-06-27,https://boxd.it/bwpLJ
2023-06-27,https://boxd.it/byoID
2023-06-27,https://boxd.it/bG62F
2023-06-27,https://boxd.it/nMRsF
2023-06-27,https://boxd.it/jedDT
2023-06-27,https://boxd.it/4qY2x3
2023-06-27,https://boxd.it/Y577t
2023-06-27,https://boxd.it/kzOQ7
2023-06-27,https://boxd.it/2dE9zR
2023-06-27,https://boxd.it/4qZegF
2023-06-27,https://boxd.it/4qZjT3
2023-06-28,https://boxd.it/4UELT
2023-06-28,https://boxd.it/UCFyt
2023-06-28,https://boxd.it/uygNB
2023-06-28,https://boxd.it/1Q5X2L
2023-06-28,https://boxd.it/RJRYF
2023-06-28,https://boxd.it/2t90P
2023-06-28,https://boxd.it/2Aqt6p
2023-06-28,https://boxd.it/6j6PV
2023-06-28,https://boxd.it/4r7HcN
2023-06-28,https://boxd.it/4rfy8j
2023-06-28,https://boxd.it/drZhj
2023-06-28,https://boxd.it/nM9bP
2023-06-28,https://boxd.it/kR4yx
2023-06-28,https://boxd.it/dICVf
2023-06-28,https://boxd.it/oFJAr
2023-06-28,https://boxd.it/uztMj
2023-06-28,https://boxd.it/fJx0N
2023-06-28,https://boxd.it/1HJTXR
2023-06-28,https://boxd.it/4rfhDp
2023-06-28,https://boxd.it/4reUGZ
2023-06-29,https://boxd.it/4rulNN
2023-06-29,https://boxd.it/4ruk5v
2023-06-29,https://boxd.it/4rqeN9
2023-06-29,https://boxd.it/cVXpB
2023-06-29,https://boxd.it/W81rl
2023-06-29,https://boxd.it/1zktiL
2023-06-29,https://boxd.it/2Khe5
2023-06-29,https://boxd.it/4rxieL
2023-06-30,https://boxd.it/4rDbuz
2023-06-30,https://boxd.it/4ryySp
2023-06-30,https://boxd.it/4rFf11
2023-06-30,https://boxd.it/4rEAaV
2023-07-01,https://boxd.it/4s0BtX
2023-07-01,https://boxd.it/4rZmkJ
2023-07-01,https://boxd.it/lO41B
2023-07-01,https://boxd.it/4s3xqh
2023-07-01,https://boxd.it/10wIGR
2023-07-01,https://boxd.it/dJ46T
2023-07-01,https://boxd.it/18cwYr
2023-07-01,https://boxd.it/PLmbD
2023-07-01,https://boxd.it/QOAcl
2023-07-01,https://boxd.it/2bDYJt
2023-07-01,https://boxd.it/4kpw05
2023-07-01,https://boxd.it/xigvd
2023-07-01,https://boxd.it/fxf1z
2023-07-01,https://boxd.it/gJDXl
2023-07-01,https://boxd.it/g5fkf
2023-07-01,https://boxd.it/LnKVh
2023-07-01,https://boxd.it/3jexkh
2023-07-01,https://boxd.it/4s5z4B
2023-07-01,https://boxd.it/MUqF
2023-07-01,https://boxd.it/2gVU4n
2023-07-01,https://boxd.it/uBVzL
2023-07-01,https://boxd.it/Py5ZP
2023-07-01,https://boxd.it/QwiN3
2023-07-02,https://boxd.it/4saHjf
2023-07-04,https://boxd.it/C6gkl
2023-07-04,https://boxd.it/1mjiyp
2023-07-09,https://boxd.it/4u9OcL
2023-07-09,https://boxd.it/4upAhJ
2023-07-17,https://boxd.it/3dTE6f
2023-07-17,https://boxd.it/2TvmmV
2023-07-17,https://boxd.it/19ZlzH
2023-07-17,https://boxd.it/1FPjf9
2023-07-17,https://boxd.it/OI3WP
2023-07-17,https://boxd.it/bjyh3
2023-07-18,https://boxd.it/4xbsQZ
2023-07-18,https://boxd.it/iuKPr
2023-07-18,https://boxd.it/gGuRR
2023-07-18,https://boxd.it/GR2Uf
2023-07-18,https://boxd.it/1eGxeD
2023-07-18,https://boxd.it/4xd5LV
2023-07-18,https://boxd.it/4xcV7V
2023-07-18,https://boxd.it/N0mj1
2023-07-18,https://boxd.it/PYOnX
2023-07-20,https://boxd.it/2xL6Cd
2023-07-20,https://boxd.it/2JvlKR
2023-07-22,https://boxd.it/2IMMur
2023-07-22,https://boxd.it/4yyiuf
2023-07-27,https://boxd.it/4AMNej
2023-07-30,https://boxd.it/4BYOyd
2023-07-30,https://boxd.it/4wfV6F
2023-07-30,https://boxd.it/4ysB99
2023-07-30,https://boxd.it/4y55QJ
2023-07-30,https://boxd.it/4xEm6f
2023-08-10,https://boxd.it/4EwFTR
2023-08-10,https://boxd.it/4EpLY5
2023-08-28,https://boxd.it/42l9ur
2023-08-28,https://boxd.it/lHc6Z
2023-08-28,https://boxd.it/mXoUX
2023-08-31,https://boxd.it/7yqLD
2023-08-31,https://boxd.it/2ekxMT
2023-08-31,https://boxd.it/1t29Od
2023-08-31,https://boxd.it/toJhb
2023-08-31,https://boxd.it/3mEmKH
2023-10-03,https://boxd.it/BOBN3
2023-10-03,https://boxd.it/1pfqn9
2023-10-03,https://boxd.it/TYzZt
2023-10-03,https://boxd.it/4VUqx3
2023-12-09,https://boxd.it/2ZFeo9
2023-12-09,https://boxd.it/42ADs1
2024-02-06,https://boxd.it/5LOGR5
2024-02-11,https://boxd.it/5Eodkh
2024-03-22,https://boxd.it/1qJbUh
2024-03-22,https://boxd.it/6WtTf
2024-03-22,https://boxd.it/66FyXb
2024-04-27,https://boxd.it/62E1lb
2024-04-27,https://boxd.it/637Vk7
2024-04-27,https://boxd.it/62yVdb
2024-05-10,https://boxd.it/6rEMk5
2024-05-25,https://boxd.it/ruciT
2024-05-25,https://boxd.it/166XN1
2024-05-25,https://boxd.it/19vuQH
2024-05-25,https://boxd.it/2IpDI9
2024-05-25,https://boxd.it/1aLRmL
2024-05-25,https://boxd.it/Y763f
2024-05-25,https://boxd.it/6xyBRT
2024-07-13,https://boxd.it/6G9LsF
2024-07-13,https://boxd.it/6ISosF
2024-08-17,https://boxd.it/2XvLWP
2024-08-31,https://boxd.it/745m2b
2024-09-01,https://boxd.it/78qwe5
2024-09-11,https://boxd.it/4uZ5dD
2024-09-11,https://boxd.it/aa7Lt
2024-09-11,https://boxd.it/7iZX3j
2024-09-12,https://boxd.it/qnU07
2024-09-12,https://boxd.it/7jm599
2024-09-13,https://boxd.it/gHZrx
2024-09-13,https://boxd.it/29QXdz
2024-09-13,https://boxd.it/1q5d5v
2024-09-13,https://boxd.it/2VRbSX
2024-09-13,https://boxd.it/iFGK5
2024-09-13,https://boxd.it/LmrR9
2024-09-13,https://boxd.it/17kWrl
2024-09-13,https://boxd.it/LorEt
2024-09-13,https://boxd.it/hCMpn
2024-09-13,https://boxd.it/7jL0z7
2024-09-14,https://boxd.it/7k75nJ
2024-09-14,https://boxd.it/1gwB17
2024-09-14,https://boxd.it/dwOtt
2024-09-14,https://boxd.it/4ACD0r
2024-09-14,https://boxd.it/4C6nbn
2024-09-14,https://boxd.it/3dXSNZ
2024-09-14,https://boxd.it/7ka4Qh
2024-09-14,https://boxd.it/4kpqXl
2024-09-14,https://boxd.it/4VUslX
2024-09-19,https://boxd.it/tVHrf
2024-09-28,https://boxd.it/46EYMF
2024-09-28,https://boxd.it/47K5x7
2024-09-28,https://boxd.it/47oteT
2024-09-28,https://boxd.it/5KEanX
2024-09-29,https://boxd.it/7hVkrJ
2024-09-29,https://boxd.it/7nv3JN
2024-09-29,https://boxd.it/7iDtzF
2024-09-29,https://boxd.it/7pKszh
2024-09-29,https://boxd.it/7qHIBL
2024-10-05,https://boxd.it/7sEUR9
2024-10-05,https://boxd.it/7rEm0B
2024-10-05,https://boxd.it/7sU6TL
2024-10-05,https://boxd.it/7fTZEH
2024-10-05,https://boxd.it/7t2JJL
2024-10-30,https://boxd.it/7FzHVf
2024-11-01,https://boxd.it/1TYAl3
2024-11-01,https://boxd.it/2TlLVV
2024-11-01,https://boxd.it/7HorE9
2024-11-01,https://boxd.it/kDp3H
2024-11-01,https://boxd.it/1c62rV
2024-11-24,https://boxd.it/7KCjBL
2024-11-24,https://boxd.it/7Nycz3
2024-11-24,https://boxd.it/7IVnaT
2024-12-20,https://boxd.it/78pQLr
2024-12-20,https://boxd.it/R7jbj
2024-12-20,https://boxd.it/yghiJ
2024-12-20,https://boxd.it/SCjj
2024-12-20,https://boxd.it/533MBd
2024-12-31,https://boxd.it/8fcClf
2024-12-31,https://boxd.it/8fcx2d
2024-12-31,https://boxd.it/8fcAcl
2024-12-31,https://boxd.it/8fcJZB
2025-01-08,https://boxd.it/1hBJnJ
2025-01-08,https://boxd.it/1RlcZx
2025-01-08,https://boxd.it/1iuoAn
2025-01-08,https://boxd.it/1QXK35
2025-01-08,https://boxd.it/11cFef
2025-01-08,https://boxd.it/8n5G83
2025-01-11,https://boxd.it/XfFoJ
2025-01-11,https://boxd.it/19N1YX
2025-01-11,https://boxd.it/3ufHh
2025-01-11,https://boxd.it/1wcBdB
2025-01-11,https://boxd.it/rVP3n
2025-01-11,https://boxd.it/1SYm6z
2025-01-11,https://boxd.it/1T02dJ
2025-01-11,https://boxd.it/1eFNGL
2025-01-11,https://boxd.it/1wAnPJ
2025-01-11,https://boxd.it/2IxBlt
2025-01-11,https://boxd.it/1fthiR
2025-01-12,https://boxd.it/weZtf
2025-01-12,https://boxd.it/mhXt
2025-01-12,https://boxd.it/19X6lr
2025-01-12,https://boxd.it/17KRdP
2025-01-12,https://boxd.it/1T0FX7
2025-01-12,https://boxd.it/8qL1T9
2025-01-12,https://boxd.it/1A4Mft
2025-01-12,https://boxd.it/hOzVT
2025-01-12,https://boxd.it/569EMV
2025-01-12,https://boxd.it/3VeTYF
2025-01-12,https://boxd.it/6JQFPr
2025-01-12,https://boxd.it/1OHhgp
2025-01-16,https://boxd.it/8tVJp5
2025-01-19,https://boxd.it/1dkktH
2025-01-19,https://boxd.it/lXBzT
2025-01-19,https://boxd.it/22aIJt
2025-01-19,https://boxd.it/1zpl8t
2025-01-26,https://boxd.it/2XqbLr
2025-01-26,https://boxd.it/2jgvjR
2025-01-26,https://boxd.it/1p6udp
2025-01-26,https://boxd.it/1TMOyr
2025-01-26,https://boxd.it/4UcUCF
2025-01-31,https://boxd.it/6aeeEP
2025-01-31,https://boxd.it/20ssUX
2025-01-31,https://boxd.it/36CQ2d
2025-01-31,https://boxd.it/1sbIsP
2025-01-31,https://boxd.it/1vne7
2025-02-03,https://boxd.it/6Q31PB
2025-02-03,https://boxd.it/5ab86X
2025-02-03,https://boxd.it/5aeEbr
2025-02-03,https://boxd.it/5bGNfd
2025-02-03,https://boxd.it/5adb8h
2025-02-10,https://boxd.it/ijDbR
2025-02-10,https://boxd.it/YFt3l
2025-02-10,https://boxd.it/PySk7
2025-02-10,https://boxd.it/1Aacqx
2025-02-10,https://boxd.it/1txne1
2025-02-17,https://boxd.it/8RHhmb
2025-02-17,https://boxd.it/8hjWuD
2025-02-17,https://boxd.it/v933f
2025-02-17,https://boxd.it/qxKWF
2025-02-17,https://boxd.it/LmlQz
2025-02-17,https://boxd.it/1VuxsX
2025-02-17,https://boxd.it/suHp1
2025-04-07,https://boxd.it/9lawQJ
2025-04-20,https://boxd.it/4HKbpR
2025-04-20,https://boxd.it/9sM8Vp
2025-04-20,https://boxd.it/9sPFVN
2025-04-20,https://boxd.it/30pdOH
2025-05-11,https://boxd.it/9F78xn
2025-06-23,https://boxd.it/o3Dib
2025-06-23,https://boxd.it/k6Flr
2025-06-23,https://boxd.it/BctbT
2025-06-23,https://boxd.it/Bd9rz
2025-06-23,https://boxd.it/a5I7W5
2025-06-23,https://boxd.it/jLAyD
2025-08-02,https://boxd.it/7tYewH
2025-08-02,https://boxd.it/7Iyirp
2025-08-02,https://boxd.it/azG8Ul
2025-08-02,https://boxd.it/7K8CdD
2025-08-12,https://boxd.it/a5sH3
2025-08-26,https://boxd.it/17ZNuR
2025-08-26,https://boxd.it/1lSQct
2025-08-26,https://boxd.it/aRs9aR
2025-09-01,https://boxd.it/aTwjpN
2025-09-01,https://boxd.it/86GMUN
2025-09-01,https://boxd.it/3dIFD3
2025-09-01,https://boxd.it/O07ud
2025-09-01,https://boxd.it/1gcyBh
2025-09-01,https://boxd.it/nyQtf
2025-09-01,https://boxd.it/2rGhf1
2025-09-01,https://boxd.it/2mV4wD
2025-09-01,https://boxd.it/M4y3t
2025-09-01,https://boxd.it/xkeJ7
2025-09-01,https://boxd.it/1qImlv
2025-09-01,https://boxd.it/2fbMEB
2025-09-01,https://boxd.it/54iqtv
2025-09-01,https://boxd.it/1j2zgh
2025-09-01,https://boxd.it/729Aob
2025-09-02,https://boxd.it/aWHLIR
2025-09-06,https://boxd.it/2vv3a1
2025-09-06,https://boxd.it/1f0ep3
2025-09-06,https://boxd.it/1edk1D
2025-09-06,https://boxd.it/bUdC9
2025-09-08,https://boxd.it/2c5A85
2025-09-08,https://boxd.it/7CwaGN
2025-09-08,https://boxd.it/14oyhH
2025-09-08,https://boxd.it/1aPSz5
2025-09-08,https://boxd.it/5JStL
2025-09-08,https://boxd.it/1vVcWR
2025-09-08,https://boxd.it/b0rkfH
2025-09-08,https://boxd.it/o1Rjj
2025-09-08,https://boxd.it/2VAEpr
2025-09-14,https://boxd.it/18Ahzp
2025-09-14,https://boxd.it/1Z1xlv
2025-09-14,https://boxd.it/1nL6kP
2025-09-15,https://boxd.it/b4SCaZ
2025-09-15,https://boxd.it/3fF02n
2025-09-15,https://boxd.it/3lIHkp
2025-09-15,https://boxd.it/3egr4B
2025-09-15,https://boxd.it/3puotZ
2025-09-17,https://boxd.it/329vDt
2025-09-17,https://boxd.it/1H23WB
2025-09-17,https://boxd.it/2FN7fF
2025-09-17,https://boxd.it/2FNUmP
2025-09-17,https://boxd.it/2GoaEn
2025-09-17,https://boxd.it/2GdSPn
2025-09-19,https://boxd.it/b6mLjP
2025-09-19,https://boxd.it/1HpbOL
2025-09-19,https://boxd.it/6bhvV
2025-10-04,https://boxd.it/ZpBhd
2025-10-04,https://boxd.it/1ksir
2025-10-04,https://boxd.it/3smh6F
2025-10-04,https://boxd.it/LlX9h
2025-10-04,https://boxd.it/1Cject
2025-10-05,https://boxd.it/7sBHsJ
2025-10-05,https://boxd.it/3j3b8r
2025-10-05,https://boxd.it/2Ihp6z
2025-10-05,https://boxd.it/1Dh6fp
2025-10-05,https://boxd.it/1X9Yh
2025-10-05,https://boxd.it/14bwyv
2025-10-05,https://boxd.it/CZzUR
2025-10-05,https://boxd.it/2cIACx
2025-10-05,https://boxd.it/bgJrSB
2025-10-05,https://boxd.it/2wntXh
2025-10-05,https://boxd.it/3RaKaH
2025-10-05,https://boxd.it/4G6EEH
2025-10-05,https://boxd.it/19zq4x
2025-10-05,https://boxd.it/18Qg8f
2025-10-05,https://boxd.it/ay0T
2025-10-05,https://boxd.it/61FAZ
2025-10-06,https://boxd.it/bhdFP7
2025-10-07,https://boxd.it/2tUz89
2025-10-07,https://boxd.it/bighjL
2025-10-08,https://boxd.it/3JBHHv
2025-10-08,https://boxd.it/qDhh1
2025-10-08,https://boxd.it/7Ll1qF
2025-10-08,https://boxd.it/qHbBR
2025-10-08,https://boxd.it/biNE0N
2025-10-12,https://boxd.it/bb6w7d
2025-10-12,https://boxd.it/bambIb
2025-10-12,https://boxd.it/bbd6nN
2025-10-12,https://boxd.it/bhDznN
2025-10-12,https://boxd.it/bd3RfT
2025-10-14,https://boxd.it/NjZ0P
2025-10-14,https://boxd.it/1SDSzV
2026-01-11,https://boxd.it/c6Tov3
2026-01-11,https://boxd.it/c0Oev9
2026-01-11,https://boxd.it/c74N1J
2026-01-11,https://boxd.it/cbbU1h
2026-01-17,https://boxd.it/af8YUT
2026-01-17,https://boxd.it/bM4ZhP
2026-01-17,https://boxd.it/2cBQkv
2026-01-17,https://boxd.it/2AXz6r
